{
  "best_accuracy": 0.7306029960685863,
  "best_r": 0.3053386972214167,
  "best_variance_ratio": 0.3798512385109216,
  "stretch_factor": 1.0
}