question_id,mean,std,min,max
T10,1.46,0.5788799882672803,1,3
T14,1.88,0.5938459911664723,1,3
T17,2.72,0.9484681527255903,1,5
T18,3.32,1.2027180102770967,1,6
T22,3.7,0.8144110179279556,2,5
T25,1.14,0.49528388066742046,1,3
T26,1.62,0.8302937763840224,1,4
T49,3.14,0.45220547975269754,3,5
T5,1.58,0.7848046682754496,1,3
T8,5.32,0.5869325309764039,4,6
