comparison,mean_accuracy_proxy,mean_pearson_correlation,score,n_rows
model_vs_average_of_3_llms,0.7006637187323883,-0.07892490614397972,0.2329105438065675,2563
model_vs_predicted_answers-sonnet4.6-J,0.642076993107036,-0.06788861408600433,0.21609762879121183,2563
model_vs_predictions_233_respondents,0.645673039406945,-0.05002416504544667,0.22825471673551,2563
model_vs_respondent_predictions_233,0.6549434256730394,-0.0663617503662207,0.22216032004948338,2563
